{"cameraMode":{"drawMode":0,"name":"Shaded","section":"Shading Mode"},"sceneLighting":false,"audioPlay":false,"sceneViewState":{"showFog":true,"showMaterialUpdate":false,"showSkybox":true,"showFlares":true,"showImageEffects":true,"showParticleSystems":true},"in2DMode":false,"pivot":{"x":-3.9308576583862306,"y":2.5668559074401857,"z":3.0665693283081056},"rotation":{"x":-0.015535740181803704,"y":-0.9731476306915283,"z":0.06902232766151428,"w":-0.21903957426548005},"size":4.041658401489258,"orthographic":false}