{"cameraMode":{"drawMode":0,"name":"Shaded","section":"Shading Mode"},"sceneLighting":false,"audioPlay":false,"sceneViewState":{"showFog":true,"showMaterialUpdate":false,"showSkybox":true,"showFlares":true,"showImageEffects":true,"showParticleSystems":true},"in2DMode":false,"pivot":{"x":-37.71245574951172,"y":-25.66569709777832,"z":-25.20331382751465},"rotation":{"x":0.09631559252738953,"y":-0.8943372368812561,"z":0.3695169687271118,"w":0.23311254382133485},"size":75.10638427734375,"orthographic":false}