{"cameraMode":{"drawMode":0,"name":"Shaded","section":"Shading Mode"},"sceneLighting":false,"audioPlay":false,"sceneViewState":{"showFog":true,"showMaterialUpdate":false,"showSkybox":true,"showFlares":true,"showImageEffects":true,"showParticleSystems":true},"in2DMode":false,"pivot":{"x":3.875460624694824,"y":2.8435192108154299,"z":1.0494098663330079},"rotation":{"x":0.011701652780175209,"y":-0.7048861980438232,"z":-0.011631625704467297,"w":-0.7091284990310669},"size":28.89031410217285,"orthographic":false}