{"cameraMode":{"drawMode":0,"name":"Shaded","section":"Shading Mode"},"sceneLighting":false,"audioPlay":false,"sceneViewState":{"showFog":true,"showMaterialUpdate":false,"showSkybox":true,"showFlares":true,"showImageEffects":true,"showParticleSystems":true},"in2DMode":false,"pivot":{"x":-26.975160598754884,"y":7.390477657318115,"z":-1.3734756708145142},"rotation":{"x":0.032918039709329608,"y":-0.6861752867698669,"z":0.031111864373087884,"w":0.7260248064994812},"size":1.4581191539764405,"orthographic":false}