{"cameraMode":{"drawMode":0,"name":"Shaded","section":"Shading Mode"},"sceneLighting":false,"audioPlay":false,"sceneViewState":{"showFog":true,"showMaterialUpdate":false,"showSkybox":true,"showFlares":true,"showImageEffects":true,"showParticleSystems":true},"in2DMode":false,"pivot":{"x":-6.707098484039307,"y":4.0011982917785648,"z":-6.147380828857422},"rotation":{"x":-0.17268124222755433,"y":-0.2655126750469208,"z":0.048400089144706729,"w":-0.9472812414169312},"size":13.614102363586426,"orthographic":false}