{"cameraMode":{"drawMode":0,"name":"Shaded","section":"Shading Mode"},"sceneLighting":false,"audioPlay":false,"sceneViewState":{"showFog":true,"showMaterialUpdate":false,"showSkybox":true,"showFlares":true,"showImageEffects":true,"showParticleSystems":true},"in2DMode":false,"pivot":{"x":-16.249374389648439,"y":0.4931375980377197,"z":3.522770881652832},"rotation":{"x":-0.13739672303199769,"y":0.6092684268951416,"z":-0.1082342192530632,"w":-0.7734336256980896},"size":8.05236530303955,"orthographic":false}