{"cameraMode":{"drawMode":0,"name":"Shaded","section":"Shading Mode"},"sceneLighting":false,"audioPlay":false,"sceneViewState":{"showFog":true,"showMaterialUpdate":false,"showSkybox":true,"showFlares":true,"showImageEffects":true,"showParticleSystems":true},"in2DMode":false,"pivot":{"x":-27.149383544921876,"y":8.409200668334961,"z":-20.395923614501954},"rotation":{"x":-0.0005464545101858676,"y":-0.9994511008262634,"z":-0.02218198962509632,"w":0.024599770084023477},"size":20.86162757873535,"orthographic":false}