{"cameraMode":{"drawMode":0,"name":"Shaded","section":"Shading Mode"},"sceneLighting":false,"audioPlay":false,"sceneViewState":{"showFog":true,"showMaterialUpdate":false,"showSkybox":true,"showFlares":true,"showImageEffects":true,"showParticleSystems":true},"in2DMode":false,"pivot":{"x":-6.294193267822266,"y":-32.936180114746097,"z":-34.474666595458987},"rotation":{"x":0.09631559252738953,"y":-0.8943372368812561,"z":0.3695169687271118,"w":0.23311254382133485},"size":116.20572662353516,"orthographic":false}