{"cameraMode":{"drawMode":0,"name":"Shaded","section":"Shading Mode"},"sceneLighting":false,"audioPlay":false,"sceneViewState":{"showFog":true,"showMaterialUpdate":false,"showSkybox":true,"showFlares":true,"showImageEffects":true,"showParticleSystems":true},"in2DMode":false,"pivot":{"x":3.8783602714538576,"y":2.817725658416748,"z":1.01190185546875},"rotation":{"x":0.011701652780175209,"y":-0.7048861980438232,"z":-0.011631625704467297,"w":-0.7091284990310669},"size":13.857041358947754,"orthographic":false}