{"cameraMode":{"drawMode":0,"name":"Shaded","section":"Shading Mode"},"sceneLighting":false,"audioPlay":false,"sceneViewState":{"showFog":true,"showMaterialUpdate":false,"showSkybox":true,"showFlares":true,"showImageEffects":true,"showParticleSystems":true},"in2DMode":false,"pivot":{"x":-9.405481338500977,"y":-5.81953239440918,"z":-0.8788251876831055},"rotation":{"x":-0.19195158779621125,"y":0.8007879257202148,"z":-0.33650878071784975,"w":-0.45678791403770449},"size":19.507848739624025,"orthographic":false}