{"cameraMode":{"drawMode":0,"name":"Shaded","section":"Shading Mode"},"sceneLighting":false,"audioPlay":false,"sceneViewState":{"showFog":true,"showMaterialUpdate":false,"showSkybox":true,"showFlares":true,"showImageEffects":true,"showParticleSystems":true},"in2DMode":false,"pivot":{"x":-70.69883728027344,"y":-129.02740478515626,"z":-176.38172912597657},"rotation":{"x":-0.02808275632560253,"y":0.948479413986206,"z":-0.3031100332736969,"w":-0.08787812292575836},"size":265.5850830078125,"orthographic":false}