{"cameraMode":{"drawMode":0,"name":"Shaded","section":"Shading Mode"},"sceneLighting":false,"audioPlay":false,"sceneViewState":{"showFog":true,"showMaterialUpdate":false,"showSkybox":true,"showFlares":true,"showImageEffects":true,"showParticleSystems":true},"in2DMode":false,"pivot":{"x":-0.027736663818359376,"y":2.8234779834747316,"z":-0.9060044288635254},"rotation":{"x":0.0061703333631157879,"y":-0.9151957035064697,"z":0.014026292599737645,"w":0.40271833539009097},"size":12.778525352478028,"orthographic":false}