{"cameraMode":{"drawMode":0,"name":"Shaded","section":"Shading Mode"},"sceneLighting":false,"audioPlay":false,"sceneViewState":{"showFog":true,"showMaterialUpdate":false,"showSkybox":true,"showFlares":true,"showImageEffects":true,"showParticleSystems":true},"in2DMode":false,"pivot":{"x":-9.458419799804688,"y":2.937030792236328,"z":-5.8728179931640629},"rotation":{"x":-0.5428219437599182,"y":-0.015115424059331417,"z":0.009771850891411305,"w":-0.8396549820899963},"size":16.72260284423828,"orthographic":false}