{"cameraMode":{"drawMode":0,"name":"Shaded","section":"Shading Mode"},"sceneLighting":false,"audioPlay":false,"sceneViewState":{"showFog":true,"showMaterialUpdate":false,"showSkybox":true,"showFlares":true,"showImageEffects":true,"showParticleSystems":true},"in2DMode":false,"pivot":{"x":-24.75771141052246,"y":2.221186399459839,"z":-13.894079208374024},"rotation":{"x":0.1919153928756714,"y":-0.6664537191390991,"z":0.18360185623168946,"w":0.6966335773468018},"size":6.339674949645996,"orthographic":false}