{"cameraMode":{"drawMode":0,"name":"Shaded","section":"Shading Mode"},"sceneLighting":false,"audioPlay":false,"sceneViewState":{"showFog":true,"showMaterialUpdate":false,"showSkybox":true,"showFlares":true,"showImageEffects":true,"showParticleSystems":true},"in2DMode":false,"pivot":{"x":0.7574999928474426,"y":1.0950000286102296,"z":1.0199999809265137},"rotation":{"x":-0.09619821608066559,"y":0.7294792532920837,"z":-0.104889415204525,"w":-0.6690323352813721},"size":6.410515308380127,"orthographic":false}