{"cameraMode":{"drawMode":0,"name":"Shaded","section":"Shading Mode"},"sceneLighting":false,"audioPlay":false,"sceneViewState":{"showFog":true,"showMaterialUpdate":false,"showSkybox":true,"showFlares":true,"showImageEffects":true,"showParticleSystems":true},"in2DMode":false,"pivot":{"x":-21.305837631225587,"y":6.664590835571289,"z":-11.952934265136719},"rotation":{"x":0.11920695006847382,"y":-0.7153441309928894,"z":0.12597647309303285,"w":0.6769065260887146},"size":19.016090393066408,"orthographic":false}