{"cameraMode":{"drawMode":0,"name":"Shaded","section":"Shading Mode"},"sceneLighting":false,"audioPlay":false,"sceneViewState":{"showFog":true,"showMaterialUpdate":false,"showSkybox":true,"showFlares":true,"showImageEffects":true,"showParticleSystems":true},"in2DMode":false,"pivot":{"x":0.022623062133789064,"y":4.1883440017700199,"z":2.239267349243164},"rotation":{"x":-0.12684021890163423,"y":0.8067194819450378,"z":-0.1874518096446991,"w":-0.5458728075027466},"size":24.27442741394043,"orthographic":false}