{"cameraMode":{"drawMode":0,"name":"Shaded","section":"Shading Mode"},"sceneLighting":false,"audioPlay":false,"sceneViewState":{"showFog":true,"showMaterialUpdate":false,"showSkybox":true,"showFlares":true,"showImageEffects":true,"showParticleSystems":true},"in2DMode":false,"pivot":{"x":4.967957496643066,"y":-0.9987019896507263,"z":-3.697227716445923},"rotation":{"x":0.08250083029270172,"y":-0.8783340454101563,"z":0.16419701278209687,"w":0.44131889939308169},"size":3.114262819290161,"orthographic":false}