{"cameraMode":{"drawMode":0,"name":"Shaded","section":"Shading Mode"},"sceneLighting":false,"audioPlay":false,"sceneViewState":{"showFog":true,"showMaterialUpdate":false,"showSkybox":true,"showFlares":true,"showImageEffects":true,"showParticleSystems":true},"in2DMode":false,"pivot":{"x":5.030491828918457,"y":-1.2435157299041749,"z":-2.9181902408599855},"rotation":{"x":-0.1124107837677002,"y":0.6966721415519714,"z":-0.11193513870239258,"w":-0.699630081653595},"size":0.5320867300033569,"orthographic":false}