{"cameraMode":{"drawMode":0,"name":"Shaded","section":"Shading Mode"},"sceneLighting":false,"audioPlay":false,"sceneViewState":{"showFog":true,"showMaterialUpdate":false,"showSkybox":true,"showFlares":true,"showImageEffects":true,"showParticleSystems":true},"in2DMode":false,"pivot":{"x":-11.315908432006836,"y":1.327756643295288,"z":2.002326488494873},"rotation":{"x":-0.09599756449460983,"y":-0.5958815813064575,"z":0.07203879207372666,"w":-0.7940528988838196},"size":32.3298225402832,"orthographic":false}