{"cameraMode":{"drawMode":0,"name":"Shaded","section":"Shading Mode"},"sceneLighting":false,"audioPlay":false,"sceneViewState":{"showFog":true,"showMaterialUpdate":false,"showSkybox":true,"showFlares":true,"showImageEffects":true,"showParticleSystems":true},"in2DMode":false,"pivot":{"x":140.5643768310547,"y":-144.17660522460938,"z":-43.28106689453125},"rotation":{"x":0.19727517664432527,"y":0.7476943731307983,"z":-0.25386372208595278,"w":0.5810240507125855},"size":259.6527404785156,"orthographic":false}