{"cameraMode":{"drawMode":0,"name":"Shaded","section":"Shading Mode"},"sceneLighting":true,"audioPlay":false,"sceneViewState":{"showFog":true,"showMaterialUpdate":false,"showSkybox":true,"showFlares":true,"showImageEffects":true,"showParticleSystems":true},"in2DMode":false,"pivot":{"x":288.2487487792969,"y":5.430902481079102,"z":244.85775756835938},"rotation":{"x":0.1974245011806488,"y":-0.6520025730133057,"z":0.1815003901720047,"w":0.7092065215110779},"size":45.278629302978519,"orthographic":false}