{"cameraMode":{"drawMode":0,"name":"Shaded","section":"Shading Mode"},"sceneLighting":false,"audioPlay":false,"sceneViewState":{"showFog":true,"showMaterialUpdate":false,"showSkybox":true,"showFlares":true,"showImageEffects":true,"showParticleSystems":true},"in2DMode":false,"pivot":{"x":180.0869598388672,"y":-81.32876586914063,"z":239.93263244628907},"rotation":{"x":0.15135057270526887,"y":-0.709319531917572,"z":0.16035114228725434,"w":0.6695120334625244},"size":207.66030883789063,"orthographic":false}