{"cameraMode":{"drawMode":0,"name":"Shaded","section":"Shading Mode"},"sceneLighting":false,"audioPlay":false,"sceneViewState":{"showFog":true,"showMaterialUpdate":false,"showSkybox":true,"showFlares":true,"showImageEffects":true,"showParticleSystems":true},"in2DMode":false,"pivot":{"x":-24.391094207763673,"y":1.6683852672576905,"z":-13.065494537353516},"rotation":{"x":0.15557561814785005,"y":-0.6679410338401794,"z":0.14573998749256135,"w":0.7130293250083923},"size":6.339674949645996,"orthographic":false}