{"cameraMode":{"drawMode":0,"name":"Shaded","section":"Shading Mode"},"sceneLighting":false,"audioPlay":false,"sceneViewState":{"showFog":true,"showMaterialUpdate":false,"showSkybox":true,"showFlares":true,"showImageEffects":true,"showParticleSystems":true},"in2DMode":false,"pivot":{"x":0.3892173767089844,"y":0.5789234638214111,"z":1.1920928955078126e-7},"rotation":{"x":-0.09619821608066559,"y":0.7294792532920837,"z":-0.104889415204525,"w":-0.6690323352813721},"size":3.944258213043213,"orthographic":false}