{"cameraMode":{"drawMode":0,"name":"Shaded","section":"Shading Mode"},"sceneLighting":false,"audioPlay":false,"sceneViewState":{"showFog":true,"showMaterialUpdate":false,"showSkybox":true,"showFlares":true,"showImageEffects":true,"showParticleSystems":true},"in2DMode":false,"pivot":{"x":7.975500106811523,"y":-1.0837695598602296,"z":0.9320319890975952},"rotation":{"x":-0.1770431250333786,"y":-0.6709644198417664,"z":0.16976074874401093,"w":-0.6997455954551697},"size":6.730416297912598,"orthographic":false}