{"cameraMode":{"drawMode":0,"name":"Shaded","section":"Shading Mode"},"sceneLighting":false,"audioPlay":false,"sceneViewState":{"showFog":true,"showMaterialUpdate":false,"showSkybox":true,"showFlares":true,"showImageEffects":true,"showParticleSystems":true},"in2DMode":false,"pivot":{"x":-8.413240432739258,"y":1.0768051147460938,"z":-7.747119426727295},"rotation":{"x":-0.09599756449460983,"y":-0.5958815813064575,"z":0.07203879207372666,"w":-0.7940528988838196},"size":43.0681037902832,"orthographic":false}