{"cameraMode":{"drawMode":0,"name":"Shaded","section":"Shading Mode"},"sceneLighting":false,"audioPlay":false,"sceneViewState":{"showFog":true,"showMaterialUpdate":false,"showSkybox":true,"showFlares":true,"showImageEffects":true,"showParticleSystems":true},"in2DMode":false,"pivot":{"x":9.581236839294434,"y":2.0232625007629396,"z":-0.46340709924697878},"rotation":{"x":0.028758496046066285,"y":-0.7033404111862183,"z":-0.028500813990831376,"w":-0.7096991539001465},"size":15.427420616149903,"orthographic":false}