{"cameraMode":{"drawMode":0,"name":"Shaded","section":"Shading Mode"},"sceneLighting":true,"audioPlay":false,"sceneViewState":{"showFog":true,"showMaterialUpdate":false,"showSkybox":true,"showFlares":true,"showImageEffects":true,"showParticleSystems":true},"in2DMode":false,"pivot":{"x":312.7276916503906,"y":-3.2199764251708986,"z":253.66873168945313},"rotation":{"x":0.28151142597198489,"y":-0.6680700182914734,"z":0.3043718636035919,"w":0.617892861366272},"size":25.927326202392579,"orthographic":false}