{"cameraMode":{"drawMode":0,"name":"Shaded","section":"Shading Mode"},"sceneLighting":true,"audioPlay":false,"sceneViewState":{"showFog":true,"showMaterialUpdate":false,"showSkybox":true,"showFlares":true,"showImageEffects":true,"showParticleSystems":true},"in2DMode":false,"pivot":{"x":357.9917297363281,"y":1.4808156490325928,"z":262.6526184082031},"rotation":{"x":0.12764061987400056,"y":0.3492037057876587,"z":-0.04807857424020767,"w":0.9270669221878052},"size":14.047046661376954,"orthographic":false}