{"cameraMode":{"drawMode":0,"name":"Shaded","section":"Shading Mode"},"sceneLighting":true,"audioPlay":false,"sceneViewState":{"showFog":true,"showMaterialUpdate":false,"showSkybox":true,"showFlares":true,"showImageEffects":true,"showParticleSystems":true},"in2DMode":false,"pivot":{"x":40.75138854980469,"y":0.6644724607467651,"z":6.753479957580566},"rotation":{"x":-0.013994489796459675,"y":0.7075908780097961,"z":-0.014019069261848927,"w":-0.7063446640968323},"size":5.188412666320801,"orthographic":false}