{"cameraMode":{"drawMode":0,"name":"Shaded","section":"Shading Mode"},"sceneLighting":false,"audioPlay":false,"sceneViewState":{"showFog":true,"showMaterialUpdate":false,"showSkybox":true,"showFlares":true,"showImageEffects":true,"showParticleSystems":true},"in2DMode":false,"pivot":{"x":0.07889461517333985,"y":0.058557674288749698,"z":0.3886146545410156},"rotation":{"x":-0.019941754639148713,"y":0.721290647983551,"z":-0.020784756168723108,"w":-0.6920334100723267},"size":1.7084522247314454,"orthographic":false}