{"cameraMode":{"drawMode":0,"name":"Shaded","section":"Shading Mode"},"sceneLighting":false,"audioPlay":false,"sceneViewState":{"showFog":true,"showMaterialUpdate":false,"showSkybox":true,"showFlares":true,"showImageEffects":true,"showParticleSystems":true},"in2DMode":false,"pivot":{"x":-0.5319442749023438,"y":-2.062133550643921,"z":-16.380762100219728},"rotation":{"x":0.001305802958086133,"y":-0.9954133033752441,"z":0.09466786682605744,"w":0.013734914362430573},"size":22.15984344482422,"orthographic":false}