{"cameraMode":{"drawMode":0,"name":"Shaded","section":"Shading Mode"},"sceneLighting":false,"audioPlay":false,"sceneViewState":{"showFog":true,"showMaterialUpdate":false,"showSkybox":true,"showFlares":true,"showImageEffects":true,"showParticleSystems":true},"in2DMode":false,"pivot":{"x":4.9675517082214359,"y":-1.056990623474121,"z":-3.2557008266448976},"rotation":{"x":-0.1124107837677002,"y":0.6966721415519714,"z":-0.11193513870239258,"w":-0.699630081653595},"size":5.33208703994751,"orthographic":false}