{"cameraMode":{"drawMode":0,"name":"Shaded","section":"Shading Mode"},"sceneLighting":false,"audioPlay":false,"sceneViewState":{"showFog":true,"showMaterialUpdate":false,"showSkybox":true,"showFlares":true,"showImageEffects":true,"showParticleSystems":true},"in2DMode":false,"pivot":{"x":-16.74842071533203,"y":8.546780586242676,"z":-0.8161213397979736},"rotation":{"x":-0.15394337475299836,"y":-0.6438704133033752,"z":0.13442732393741609,"w":-0.737334132194519},"size":24.4881649017334,"orthographic":false}