{"cameraMode":{"drawMode":0,"name":"Shaded","section":"Shading Mode"},"sceneLighting":false,"audioPlay":false,"sceneViewState":{"showFog":true,"showMaterialUpdate":false,"showSkybox":true,"showFlares":true,"showImageEffects":true,"showParticleSystems":true},"in2DMode":false,"pivot":{"x":-14.90406322479248,"y":-10.431539535522461,"z":0.42704495787620547},"rotation":{"x":-0.22834597527980805,"y":0.6611424684524536,"z":-0.22226785123348237,"w":-0.67922443151474},"size":28.95701026916504,"orthographic":false}