{"cameraMode":{"drawMode":0,"name":"Shaded","section":"Shading Mode"},"sceneLighting":false,"audioPlay":false,"sceneViewState":{"showFog":true,"showMaterialUpdate":false,"showSkybox":true,"showFlares":true,"showImageEffects":true,"showParticleSystems":true},"in2DMode":false,"pivot":{"x":-1.0055503845214844,"y":2.203843116760254,"z":-4.224897861480713},"rotation":{"x":-0.11952187120914459,"y":0.8693399429321289,"z":-0.2564046382904053,"w":-0.4052397608757019},"size":82.67724609375,"orthographic":false}