{"cameraMode":{"drawMode":0,"name":"Shaded","section":"Shading Mode"},"sceneLighting":false,"audioPlay":false,"sceneViewState":{"showFog":true,"showMaterialUpdate":false,"showSkybox":true,"showFlares":true,"showImageEffects":true,"showParticleSystems":true},"in2DMode":false,"pivot":{"x":511.19635009765627,"y":35.30419158935547,"z":265.89337158203127},"rotation":{"x":-0.22156180441379548,"y":0.7036993503570557,"z":-0.24838373064994813,"w":-0.6277127265930176},"size":548.2476196289063,"orthographic":false}