{"cameraMode":{"drawMode":0,"name":"Shaded","section":"Shading Mode"},"sceneLighting":false,"audioPlay":false,"sceneViewState":{"showFog":true,"showMaterialUpdate":false,"showSkybox":true,"showFlares":true,"showImageEffects":true,"showParticleSystems":true},"in2DMode":false,"pivot":{"x":240.5901336669922,"y":294.46038818359377,"z":-133.053466796875},"rotation":{"x":-0.0003549401299096644,"y":-0.9990699291229248,"z":0.04229419305920601,"w":-0.008386803790926934},"size":846.0429077148438,"orthographic":false}