{"cameraMode":{"drawMode":0,"name":"Shaded","section":"Shading Mode"},"sceneLighting":false,"audioPlay":false,"sceneViewState":{"showFog":true,"showMaterialUpdate":false,"showSkybox":true,"showFlares":true,"showImageEffects":true,"showParticleSystems":true},"in2DMode":false,"pivot":{"x":22.573684692382814,"y":-2.6746883392333986,"z":-14.756590843200684},"rotation":{"x":-0.037547141313552859,"y":-0.7539228796958923,"z":0.04325345903635025,"w":-0.6544613838195801},"size":79.2765884399414,"orthographic":false}