{"cameraMode":{"drawMode":0,"name":"Shaded","section":"Shading Mode"},"sceneLighting":false,"audioPlay":false,"sceneViewState":{"showFog":true,"showMaterialUpdate":false,"showSkybox":true,"showFlares":true,"showImageEffects":true,"showParticleSystems":true},"in2DMode":false,"pivot":{"x":-254.19064331054688,"y":-82.6532211303711,"z":-11.96630859375},"rotation":{"x":-0.1223267912864685,"y":0.7335402369499207,"z":-0.13713601231575013,"w":-0.6543307304382324},"size":280.3636169433594,"orthographic":false}