{"cameraMode":{"drawMode":0,"name":"Shaded","section":"Shading Mode"},"sceneLighting":false,"audioPlay":false,"sceneViewState":{"showFog":true,"showMaterialUpdate":false,"showSkybox":true,"showFlares":true,"showImageEffects":true,"showParticleSystems":true},"in2DMode":false,"pivot":{"x":1.5294783115386963,"y":0.5520449876785278,"z":-0.02899584174156189},"rotation":{"x":0.04451454058289528,"y":-0.6921212673187256,"z":0.04284324869513512,"w":0.7191322445869446},"size":2.491302967071533,"orthographic":false}