{"cameraMode":{"drawMode":0,"name":"Shaded","section":"Shading Mode"},"sceneLighting":false,"audioPlay":false,"sceneViewState":{"showFog":true,"showMaterialUpdate":false,"showSkybox":true,"showFlares":true,"showImageEffects":true,"showParticleSystems":true},"in2DMode":false,"pivot":{"x":26.366634368896486,"y":-5.513696670532227,"z":6.52567195892334},"rotation":{"x":-0.1514531672000885,"y":-0.5828980803489685,"z":0.1116848960518837,"w":-0.7904544472694397},"size":79.2765884399414,"orthographic":false}