{"cameraMode":{"drawMode":0,"name":"Shaded","section":"Shading Mode"},"sceneLighting":false,"audioPlay":false,"sceneViewState":{"showFog":true,"showMaterialUpdate":false,"showSkybox":true,"showFlares":true,"showImageEffects":true,"showParticleSystems":true},"in2DMode":false,"pivot":{"x":-24.416183471679689,"y":1.668377161026001,"z":-13.329999923706055},"rotation":{"x":-0.20585815608501435,"y":0.6742499470710754,"z":-0.2043733298778534,"w":-0.6791472434997559},"size":5.916388034820557,"orthographic":false}