{"cameraMode":{"drawMode":0,"name":"Shaded","section":"Shading Mode"},"sceneLighting":true,"audioPlay":false,"sceneViewState":{"showFog":true,"showMaterialUpdate":false,"showSkybox":true,"showFlares":true,"showImageEffects":true,"showParticleSystems":true},"in2DMode":false,"pivot":{"x":-0.8692069053649902,"y":4.834992408752441,"z":-1.0592362880706788},"rotation":{"x":-0.09510064125061035,"y":0.5316742062568665,"z":-0.06023377925157547,"w":-0.8394345641136169},"size":7.086147308349609,"orthographic":false}