{"cameraMode":{"drawMode":0,"name":"Shaded","section":"Shading Mode"},"sceneLighting":false,"audioPlay":false,"sceneViewState":{"showFog":true,"showMaterialUpdate":false,"showSkybox":true,"showFlares":true,"showImageEffects":true,"showParticleSystems":true},"in2DMode":false,"pivot":{"x":6.02509880065918,"y":2.2115514278411867,"z":0.4890178442001343},"rotation":{"x":-0.023243160918354989,"y":-0.7159777879714966,"z":0.02386401779949665,"w":-0.6973277926445007},"size":5.513442039489746,"orthographic":false}