{"cameraMode":{"drawMode":0,"name":"Shaded","section":"Shading Mode"},"sceneLighting":false,"audioPlay":false,"sceneViewState":{"showFog":true,"showMaterialUpdate":false,"showSkybox":true,"showFlares":true,"showImageEffects":true,"showParticleSystems":true},"in2DMode":false,"pivot":{"x":-59.36720275878906,"y":1.741710901260376,"z":1.0594987869262696},"rotation":{"x":-0.20337902009487153,"y":0.7218804955482483,"z":-0.23787181079387666,"w":-0.6172054409980774},"size":41.46982955932617,"orthographic":false}