{"cameraMode":{"drawMode":0,"name":"Shaded","section":"Shading Mode"},"sceneLighting":false,"audioPlay":false,"sceneViewState":{"showFog":true,"showMaterialUpdate":false,"showSkybox":true,"showFlares":true,"showImageEffects":true,"showParticleSystems":true},"in2DMode":false,"pivot":{"x":301.59942626953127,"y":14.940131187438965,"z":235.7462921142578},"rotation":{"x":0.17545881867408753,"y":-0.6813684105873108,"z":0.1734931915998459,"w":0.6890946626663208},"size":6.6013946533203129,"orthographic":false}