{"cameraMode":{"drawMode":0,"name":"Shaded","section":"Shading Mode"},"sceneLighting":false,"audioPlay":false,"sceneViewState":{"showFog":true,"showMaterialUpdate":false,"showSkybox":true,"showFlares":true,"showImageEffects":true,"showParticleSystems":true},"in2DMode":false,"pivot":{"x":2.724863290786743,"y":-2.3885157108306886,"z":-4.5093584060668949},"rotation":{"x":-0.07143016904592514,"y":-0.9214873909950256,"z":0.20394286513328553,"w":-0.3227476477622986},"size":4.041658401489258,"orthographic":false}