{"cameraMode":{"drawMode":0,"name":"Shaded","section":"Shading Mode"},"sceneLighting":false,"audioPlay":false,"sceneViewState":{"showFog":true,"showMaterialUpdate":false,"showSkybox":true,"showFlares":true,"showImageEffects":true,"showParticleSystems":true},"in2DMode":false,"pivot":{"x":-27.04178237915039,"y":8.31204891204834,"z":-1.0682201385498047},"rotation":{"x":0.032918039709329608,"y":-0.6861752867698669,"z":0.031111864373087884,"w":0.7260248064994812},"size":5.6581196784973148,"orthographic":false}