{"cameraMode":{"drawMode":0,"name":"Shaded","section":"Shading Mode"},"sceneLighting":false,"audioPlay":false,"sceneViewState":{"showFog":true,"showMaterialUpdate":false,"showSkybox":true,"showFlares":true,"showImageEffects":true,"showParticleSystems":true},"in2DMode":false,"pivot":{"x":-11.314371109008789,"y":2.7164793014526369,"z":5.026294708251953},"rotation":{"x":-0.17910920083522798,"y":-0.05096999555826187,"z":0.009290236979722977,"w":-0.982464075088501},"size":41.42097854614258,"orthographic":false}