{"cameraMode":{"drawMode":0,"name":"Shaded","section":"Shading Mode"},"sceneLighting":false,"audioPlay":false,"sceneViewState":{"showFog":true,"showMaterialUpdate":false,"showSkybox":true,"showFlares":true,"showImageEffects":true,"showParticleSystems":true},"in2DMode":false,"pivot":{"x":-56.47734832763672,"y":-24.879802703857423,"z":4.580721855163574},"rotation":{"x":0.16013437509536744,"y":-0.6883563995361328,"z":0.15994852781295777,"w":0.6891581416130066},"size":107.08746337890625,"orthographic":false}