{"cameraMode":{"drawMode":0,"name":"Shaded","section":"Shading Mode"},"sceneLighting":true,"audioPlay":false,"sceneViewState":{"showFog":true,"showMaterialUpdate":false,"showSkybox":true,"showFlares":true,"showImageEffects":true,"showParticleSystems":true},"in2DMode":false,"pivot":{"x":1.7630765438079835,"y":2.296273708343506,"z":0.4548978805541992},"rotation":{"x":-0.12175628542900086,"y":0.8585304617881775,"z":-0.23927880823612214,"w":-0.43685993552207949},"size":4.081000328063965,"orthographic":false}