{"cameraMode":{"drawMode":0,"name":"Shaded","section":"Shading Mode"},"sceneLighting":false,"audioPlay":false,"sceneViewState":{"showFog":true,"showMaterialUpdate":false,"showSkybox":true,"showFlares":true,"showImageEffects":true,"showParticleSystems":true},"in2DMode":false,"pivot":{"x":3.8783602714538576,"y":2.6882448196411135,"z":1.1020994186401368},"rotation":{"x":-0.005263357888907194,"y":-0.712369978427887,"z":0.005342930089682341,"w":-0.7017640471458435},"size":4.512166500091553,"orthographic":false}