{"cameraMode":{"drawMode":0,"name":"Shaded","section":"Shading Mode"},"sceneLighting":false,"audioPlay":false,"sceneViewState":{"showFog":true,"showMaterialUpdate":false,"showSkybox":true,"showFlares":true,"showImageEffects":true,"showParticleSystems":true},"in2DMode":false,"pivot":{"x":-9.31821060180664,"y":-5.3807501792907719,"z":-0.7845115661621094},"rotation":{"x":-0.11618781834840775,"y":0.7262135148048401,"z":-0.1267663985490799,"w":-0.665615975856781},"size":15.202853202819825,"orthographic":false}