{"cameraMode":{"drawMode":0,"name":"Shaded","section":"Shading Mode"},"sceneLighting":false,"audioPlay":false,"sceneViewState":{"showFog":true,"showMaterialUpdate":false,"showSkybox":true,"showFlares":true,"showImageEffects":true,"showParticleSystems":true},"in2DMode":false,"pivot":{"x":-15.028695106506348,"y":-10.320550918579102,"z":-1.082772135734558},"rotation":{"x":-0.22834597527980805,"y":0.6611424684524536,"z":-0.22226785123348237,"w":-0.67922443151474},"size":21.27843475341797,"orthographic":false}