{"cameraMode":{"drawMode":0,"name":"Shaded","section":"Shading Mode"},"sceneLighting":false,"audioPlay":false,"sceneViewState":{"showFog":true,"showMaterialUpdate":false,"showSkybox":true,"showFlares":true,"showImageEffects":true,"showParticleSystems":true},"in2DMode":false,"pivot":{"x":-1.1339378356933594,"y":-0.6394968032836914,"z":-2.74174165725708},"rotation":{"x":-0.09510064125061035,"y":0.5316742062568665,"z":-0.06023377925157547,"w":-0.8394345641136169},"size":17.757062911987306,"orthographic":false}