{"cameraMode":{"drawMode":0,"name":"Shaded","section":"Shading Mode"},"sceneLighting":false,"audioPlay":false,"sceneViewState":{"showFog":true,"showMaterialUpdate":false,"showSkybox":true,"showFlares":true,"showImageEffects":true,"showParticleSystems":true},"in2DMode":false,"pivot":{"x":-27.741228103637697,"y":0.13648104667663575,"z":-14.916537284851075},"rotation":{"x":-0.1136317029595375,"y":0.795248806476593,"z":-0.1573255956172943,"w":-0.5743830800056458},"size":5.553013801574707,"orthographic":false}