{"cameraMode":{"drawMode":0,"name":"Shaded","section":"Shading Mode"},"sceneLighting":false,"audioPlay":false,"sceneViewState":{"showFog":true,"showMaterialUpdate":false,"showSkybox":true,"showFlares":true,"showImageEffects":true,"showParticleSystems":true},"in2DMode":false,"pivot":{"x":-30.508136749267579,"y":12.024852752685547,"z":-10.76548957824707},"rotation":{"x":0.04897531494498253,"y":-0.6083910465240479,"z":0.03765843063592911,"w":0.791229248046875},"size":14.479418754577637,"orthographic":false}