{"cameraMode":{"drawMode":0,"name":"Shaded","section":"Shading Mode"},"sceneLighting":true,"audioPlay":false,"sceneViewState":{"showFog":true,"showMaterialUpdate":false,"showSkybox":true,"showFlares":true,"showImageEffects":true,"showParticleSystems":true},"in2DMode":false,"pivot":{"x":-0.9495077133178711,"y":1.6894690990447999,"z":-2.918700695037842},"rotation":{"x":-0.09510064125061035,"y":0.5316742062568665,"z":-0.06023377925157547,"w":-0.8394345641136169},"size":9.445815086364746,"orthographic":false}