{"cameraMode":{"drawMode":0,"name":"Shaded","section":"Shading Mode"},"sceneLighting":true,"audioPlay":false,"sceneViewState":{"showFog":true,"showMaterialUpdate":false,"showSkybox":true,"showFlares":true,"showImageEffects":true,"showParticleSystems":true},"in2DMode":false,"pivot":{"x":-3.804934024810791,"y":2.442405939102173,"z":4.6715850830078129},"rotation":{"x":0.0037349178455770017,"y":0.9475223422050476,"z":0.011077268980443478,"w":-0.31947582960128786},"size":16.861764907836915,"orthographic":false}