{"cameraMode":{"drawMode":0,"name":"Shaded","section":"Shading Mode"},"sceneLighting":false,"audioPlay":false,"sceneViewState":{"showFog":true,"showMaterialUpdate":false,"showSkybox":true,"showFlares":true,"showImageEffects":true,"showParticleSystems":true},"in2DMode":false,"pivot":{"x":3.8348989486694338,"y":2.8128812313079836,"z":2.619004011154175},"rotation":{"x":-0.00668978551402688,"y":-0.6961719989776611,"z":0.00648732902482152,"w":-0.717814564704895},"size":6.43023681640625,"orthographic":false}